color,director_name,num_critic_for_reviews,duration,director_facebook_likes,actor_3_facebook_likes,actor_2_name,actor_1_facebook_likes,gross,genres,actor_1_name,movie_title,num_voted_users,cast_total_facebook_likes,actor_3_name,facenumber_in_poster,plot_keywords,movie_imdb_link,num_user_for_reviews,language,country,content_rating,budget,title_year,actor_2_facebook_likes,imdb_score,aspect_ratio,movie_facebook_likes
Color,Dan Trachtenberg,411,104,16,82,John Gallagher Jr.,14000,71897215,Drama|Horror|Mystery|Sci-Fi|Thriller,Bradley Cooper,10 Cloverfield LaneÂ ,126893,14504,Sumalee Montano,0,alien|bunker|car crash|kidnapping|minimal cast,http://www.imdb.com/title/tt1179933/?ref_=fn_tt_tt_1,440,English,USA,PG-13,15000000,2016,338,7.000000,2.000000,33000
Color,Timothy Hines,1,111,0,247,Kelly LeBrock,1000,14616,Drama,Christopher Lambert,10 Days in a MadhouseÂ ,314,2059,Alexandra Callas,1,,http://www.imdb.com/title/tt3453052/?ref_=fn_tt_tt_1,10,English,USA,R,12000000,2015,445,7.000000,1.000000,26000
Color,Gil Junger,133,97,19,835,Heath Ledger,23000,38176108,Comedy|Drama|Romance,Joseph Gordon-Levitt,10 Things I Hate About YouÂ ,222099,37907,Andrew Keegan,6,dating|protective father|school|shrew|teen movie,http://www.imdb.com/title/tt0147800/?ref_=fn_tt_tt_1,549,English,USA,PG-13,16000000,1999,13000,7.000000,1.000000,10000
,Christopher Barnard,0,22,0,0,,5,0,Comedy,Mathew Buck,"10,000 B.C.Â  ",6,5,,0,,http://www.imdb.com/title/tt1869849/?ref_=fn_tt_tt_1,0,,,,0,0,0,7.000000,0.000000,0
Color,Kevin Lima,84,100,36,439,Eric Idle,2000,66941559,Adventure|Comedy|Family,Ioan Gruffudd,102 DalmatiansÂ ,26413,4182,Jim Carter,1,dog|parole|parole officer|prison|puppy,http://www.imdb.com/title/tt0211181/?ref_=fn_tt_tt_1,77,English,USA,G,85000000,2000,795,4.000000,1.000000,372
Color,Robert Moresco,26,107,53,463,Brad Renfro,954,53481,Crime|Drama|Thriller,Brian Dennehy,10th & WolfÂ ,5557,2512,Dash Mihok,5,desert storm|fbi|fbi agent|fragmentation grenade|woman kills attacker,http://www.imdb.com/title/tt0360323/?ref_=fn_tt_tt_1,34,English,USA,R,8000000,2006,551,6.000000,2.000000,294
Color,Greg Marcks,68,85,9,407,Barbara Hershey,861,0,Comedy|Crime|Drama,Henry Thomas,11:14Â ,38273,2200,Shawn Hatosy,1,convenience store|multiple perspectives|murder|paramedic|van,http://www.imdb.com/title/tt0331811/?ref_=fn_tt_tt_1,133,English,USA,R,6000000,2003,618,7.000000,1.000000,0
Black and White,Sidney Lumet,177,96,0,253,Lee J. Cobb,359,0,Crime|Drama,Jack Warden,12 Angry MenÂ ,447785,1433,John Fiedler,1,courtroom|dialogue driven|dialogue driven storyline|jury|murder,http://www.imdb.com/title/tt0050083/?ref_=fn_tt_tt_1,888,English,USA,Not Rate0W,350000,1957,259,8.000000,1.000000,40000
Color,,13,42,0,442,Kirk Acevedo,757,0,Adventure|Drama|Mystery|Sci-Fi|Thriller,Amanda Schull,12 MonkeysÂ ,20839,3309,Tom Noonan,0,epidemic|mission|paradox|plague|virus,http://www.imdb.com/title/tt3148266/?ref_=fn_tt_tt_1,56,English,USA,TV-14,0,0,641,7.000000,16.000000,12000
Color,Renny Harlin,113,108,212,347,Ashley Scott,969,12232937,Action|Crime|Thriller,Taylor Cole,12 RoundsÂ ,22823,2799,Nick Gomez,1,2000s|detective|sadist|terrorism|terrorist,http://www.imdb.com/title/tt1160368/?ref_=fn_tt_tt_1,113,English,USA,PG-13,22000000,2009,794,5.000000,2.000000,0
Color,Steve McQueen,597,134,0,500,Scoot McNairy,2000,56667870,Biography|Drama|History,QuvenzhanÃ© Wallis,12 Years a SlaveÂ ,439176,4251,Taran Killam,0,racism|separation from family|social injustice|torture|whipping,http://www.imdb.com/title/tt2024544/?ref_=fn_tt_tt_1,695,English,USA,R,20000000,2013,660,8.000000,2.000000,83000
Color,Danny Boyle,450,94,0,223,Treat Williams,11000,18329466,Adventure|Biography|Drama|Thriller,James Franco,127 HoursÂ ,279179,11984,Kate Burton,0,alone|aron ralston|based on autobiography|canyon|survival,http://www.imdb.com/title/tt1542344/?ref_=fn_tt_tt_1,440,English,USA,R,18000000,2010,642,7.000000,1.000000,63000
Color,Gary Winick,119,98,56,533,Judy Greer,3000,56044241,Comedy|Fantasy|Romance,Jennifer Garner,13 Going on 30Â ,122187,6742,Christa B. Allen,1,13 year old|13th birthday|30 year old|wish|year 1987,http://www.imdb.com/title/tt0337563/?ref_=fn_tt_tt_1,339,English,USA,PG-13,37000000,2004,2000,6.000000,1.000000,0
Color,Michael Bay,204,144,0,681,James Badge Dale,769,52822418,Action|Drama|Thriller|War,Toby Stephens,13 HoursÂ ,47764,3580,David Costabile,0,based on true story|cia agent|libya|mercenary|u.s. ambassador,http://www.imdb.com/title/tt4172430/?ref_=fn_tt_tt_1,219,English,USA,R,50000000,2016,726,7.000000,2.000000,44000
Color,Mikael HÃ¥fstrÃ¶m,314,114,101,23,Kim Thomson,129,71975611,Fantasy|Horror,Drew Powell,1408Â ,209396,214,Alexandra Silber,0,book|debunking|evil|hotel|paranormal phenomena,http://www.imdb.com/title/tt0450385/?ref_=fn_tt_tt_1,580,English,USA,PG-13,25000000,2007,25,6.000000,2.000000,11000
Color,John Herzfeld,151,120,17,808,Charlize Theron,22000,24375436,Action|Crime|Drama|Thriller,Robert De Niro,15 MinutesÂ ,42547,33585,Kelsey Grammer,1,criminal|detective|fire|homicide|media,http://www.imdb.com/title/tt0179626/?ref_=fn_tt_tt_1,265,English,USA,R,42000000,2001,9000,6.000000,2.000000,748
Color,Richard Donner,199,102,503,795,David Zayas,13000,36883539,Action|Crime|Drama|Thriller,Bruce Willis,16 BlocksÂ ,112769,15053,Sasha Roiz,2,alcoholic|courthouse|detective|jail|witness,http://www.imdb.com/title/tt0450232/?ref_=fn_tt_tt_1,305,English,Germany,PG-13,52000000,2006,929,6.000000,2.000000,0
Color,Becky Smith,3,89,32,256,Emily Baldoni,386,0,Comedy|Romance,Will Rothhaar,16 to LifeÂ ,397,1647,Hallee Hirsh,1,birthday|digit in title|love|masturbation|teenager,http://www.imdb.com/title/tt1130087/?ref_=fn_tt_tt_1,6,English,USA,,1000000,2009,261,6.000000,1.000000,143
Color,Burr Steers,191,102,23,651,Hunter Parrish,2000,64149837,Comedy|Drama|Family|Fantasy|Romance,Matthew Perry,17 AgainÂ ,146899,7009,Thomas Lennon,1,adult as child|father son relationship|high school student|janitor|school,http://www.imdb.com/title/tt0974661/?ref_=fn_tt_tt_1,185,English,USA,PG-13,20000000,2009,2000,6.000000,2.000000,0
Color,Peter H. Hunt,34,168,0,69,Ken Howard,713,0,Drama|Family|History|Musical,Blythe Danner,1776Â ,6303,1541,Howard Caine,0,continental congress|debate|declaration of independence|massachusetts|pennsylvania,http://www.imdb.com/title/tt0068156/?ref_=fn_tt_tt_1,129,English,USA,PG,4000000,1972,649,7.000000,2.000000,0
Color,Li Zhang,63,121,0,187,Joan Chen,974,127437,Action|Adventure|Drama|History|War,Bingbing Li,1911Â ,4670,1887,Jaycee Chan,0,china|disarming someone|qing dynasty|stabbed with a bayonet|war violence,http://www.imdb.com/title/tt1772230/?ref_=fn_tt_tt_1,27,Mandarin,China,R,18000000,2011,643,6.000000,2.000000,0
Color,Steven Spielberg,56,142,14000,642,John Belushi,16000,0,Action|Comedy|War,Christopher Lee,1941Â ,25193,20201,Treat Williams,5,california|captain|cult film|pearl harbor|submarine,http://www.imdb.com/title/tt0078723/?ref_=fn_tt_tt_1,217,English,USA,PG,35000000,1979,1000,5.000000,2.000000,2000
Color,Tommy Oliver,6,90,66,734,Ruby Dee,904,0,Drama,Bokeem Woodbine,1982Â ,122,5435,Quinton Aaron,4,number in title|semi autobiographical,http://www.imdb.com/title/tt2388621/?ref_=fn_tt_tt_1,3,English,USA,R,1000000,2013,782,7.000000,0.000000,181
Color,John Singleton,150,107,309,771,Cole Hauser,23000,127083765,Action|Crime|Thriller,Paul Walker,2 Fast 2 FuriousÂ ,191912,25296,Mo Gallini,5,bust|racing|shotgun|street racing|undercover agent,http://www.imdb.com/title/tt0322259/?ref_=fn_tt_tt_1,370,English,USA,PG-13,76000000,2003,787,5.000000,2.000000,0
Color,Baltasar KormÃ¡kur,265,109,175,459,Patrick Fischler,18000,75573300,Action|Comedy|Crime|Drama|Thriller,Denzel Washington,2 GunsÂ ,156898,20148,Fred Ward,1,close up of breasts|female nudity|fugitive|money|undercover,http://www.imdb.com/title/tt1272878/?ref_=fn_tt_tt_1,172,English,USA,R,61000000,2013,497,6.000000,2.000000,22000
Color,Myles Berkowitz,32,87,0,153,Tom Ardavany,1000,536767,Biography|Comedy|Romance,Tia Carrere,20 DatesÂ ,1622,1362,Robert McKee,0,fake documentary|hidden camera|mockumentary|narrative|reality show,http://www.imdb.com/title/tt0138987/?ref_=fn_tt_tt_1,83,English,USA,R,60000,1998,184,5.000000,1.000000,30
Color,Morgan Neville,149,91,9,13,Lou Adler,130,4946250,Documentary|Music,Sheryl Crow,20 Feet from StardomÂ ,9540,198,Merry Clayton,0,backup singer|band|bechdel test passed|concert footage|singer,http://www.imdb.com/title/tt2396566/?ref_=fn_tt_tt_1,80,English,USA,PG-13,1000000,2013,19,7.000000,1.000000,14000
Color,Richard Fleischer,69,127,130,51,Robert J. Wilke,618,0,Adventure|Drama|Family|Fantasy|Sci-Fi,James Mason,"20,000 Leagues Under the SeaÂ  ",22124,800,Paul Lukas,0,captain|expedition|sea|submarine|whale,http://www.imdb.com/title/tt0046672/?ref_=fn_tt_tt_1,108,English,USA,Approved@KL,5000000,1954,53,7.000000,1.000000,0
Color,Richard Fleischer,69,127,130,51,Robert J. Wilke,617,0,Adventure|Drama|Family|Fantasy|Sci-Fi,James Mason,"20,000 Leagues Under the SeaÂ  ",22123,799,Paul Lukas,0,captain|expedition|sea|submarine|whale,http://www.imdb.com/title/tt0046672/?ref_=fn_tt_tt_1,108,English,USA,Approved@KL,5000000,1954,53,7.000000,1.000000,0
Color,Risa Bramon Garcia,67,101,112,612,Dave Chappelle,1000,6851636,Comedy|Drama|Romance,Janeane Garofalo,200 CigarettesÂ ,13010,2697,Gaby Hoffmann,5,bartender|friend|new year's eve|party|punk,http://www.imdb.com/title/tt0137338/?ref_=fn_tt_tt_1,182,English,USA,R,6000000,1999,744,5.000000,1.000000,0
Color,Stanley Kubrick,285,161,0,73,Gary Lockwood,273,56715371,Adventure|Mystery|Sci-Fi,Keir Dullea,2001: A Space OdysseyÂ ,427357,727,Glenn Beck,0,ancient astronaut|famous line|message from outer space|monolith|star child,http://www.imdb.com/title/tt0062622/?ref_=fn_tt_tt_1,1736,English,UK,G,12000000,1968,117,8.000000,2.000000,24000
Color,Roland Emmerich,367,158,776,310,Liam James,1000,166112167,Action|Adventure|Sci-Fi,Oliver Platt,2012Â ,283418,2144,Tom McCarthy,0,ark|catastrophe|geologist|president|writer,http://www.imdb.com/title/tt1190080/?ref_=fn_tt_tt_1,1055,English,USA,PG-13,200000000,2009,468,5.000000,2.000000,13000
Color,Dinesh D'Souza,30,87,67,67,Zackary Steven Graham,871,33349949,Documentary,Barack Obama,2016: Obama's AmericaÂ ,9010,1111,Dinesh D'Souza,0,critically bashed|partisan commentary|political propoganda|punctuation in title|reenactment,http://www.imdb.com/title/tt2247692/?ref_=fn_tt_tt_1,199,English,USA,PG,2500000,2012,118,5.000000,1.000000,0
Black and White,Kar-Wai Wong,194,129,0,576,Tony Chiu Wai Leung,878,261481,Drama|Romance|Sci-Fi,Li Gong,2046Â ,41496,2378,Maggie Cheung,0,number in title|train|woman slaps a man|woman slaps man|written by director,http://www.imdb.com/title/tt0212712/?ref_=fn_tt_tt_1,210,Cantonese,Hong Kong,R,12000000,2004,643,7.000000,2.000000,0
Color,Jon Lucas,168,93,24,499,Josie Loren,552,25675765,Comedy,Justin Chon,21 & OverÂ ,60407,2730,Sarah Wright,0,21st birthday|college student|drunken man|pubic hair|standing up to father,http://www.imdb.com/title/tt1711425/?ref_=fn_tt_tt_1,84,English,USA,R,13000000,2013,528,5.000000,2.000000,11000
Color,Alejandro G. IÃ±Ã¡rritu,192,124,0,430,Eddie Marsan,6000,16248701,Drama,Naomi Watts,21 GramsÂ ,189683,7567,Danny Huston,0,accident|faith|love|mathematician|nonlinear timeline,http://www.imdb.com/title/tt0315733/?ref_=fn_tt_tt_1,559,English,USA,R,20000000,2003,979,7.000000,1.000000,0
Color,Phil Lord,375,109,97,839,Dax Flame,17000,138447667,Action|Comedy|Crime,Channing Tatum,21 Jump StreetÂ ,408302,19968,Rob Riggle,2,narcotics|parody|police|remake|undercover cop,http://www.imdb.com/title/tt1232829/?ref_=fn_tt_tt_1,345,English,USA,R,42000000,2012,971,7.000000,2.000000,39000
Color,Robert Luketic,144,123,126,1000,Jim Sturgess,18000,81159365,Crime|Drama|Thriller,Kevin Spacey,21Â ,191470,25661,Josh Gad,2,based on true story|blackjack|card counting|gambling|massachusetts institute of technology,http://www.imdb.com/title/tt0478087/?ref_=fn_tt_tt_1,278,English,USA,PG-13,35000000,2008,5000,6.000000,2.000000,0
Color,Phil Lord,330,112,97,584,Craig Roberts,17000,191616238,Action|Comedy|Crime,Channing Tatum,22 Jump StreetÂ ,258186,19428,Amber Stevens West,2,college|drugs|hidden camera|tattoo|undercover,http://www.imdb.com/title/tt2294449/?ref_=fn_tt_tt_1,322,English,USA,R,50000000,2014,920,7.000000,2.000000,24000
Black and White,Shane Meadows,44,96,222,20,Annette Badland,5000,0,Comedy|Drama|Romance|Sport,Bob Hoskins,24 7: Twenty Four SevenÂ ,2081,5535,Karl Collins,2,fight|gang|hiking|wales|working class,http://www.imdb.com/title/tt0120391/?ref_=fn_tt_tt_1,21,English,UK,R,0,1997,497,7.000000,1.000000,224
Color,Spike Lee,202,108,0,346,Rosario Dawson,22000,13060843,Drama,Philip Seymour Hoffman,25th HourÂ ,149528,26050,Aaron Stanford,0,bar|dream|drug dealing|nightclub|widower,http://www.imdb.com/title/tt0307901/?ref_=fn_tt_tt_1,454,English,USA,R,15000000,2002,3000,7.000000,2.000000,0
Color,Anne Fletcher,175,111,98,71,Bern Cohen,2000,76806312,Comedy|Romance,Judy Greer,27 DressesÂ ,124501,2978,Yetta Gottesman,1,boss|bridesmaid|friend|love|wedding,http://www.imdb.com/title/tt0988595/?ref_=fn_tt_tt_1,154,English,USA,PG-13,30000000,2008,805,6.000000,2.000000,0
Color,Danny Boyle,224,113,0,27,Megan Burns,133,45063889,Drama|Horror|Sci-Fi|Thriller,Noah Huntley,28 Days Later...Â ,297250,241,David Schneider,0,laboratory|london england|military|virus|zombie apocalypse,http://www.imdb.com/title/tt0289043/?ref_=fn_tt_tt_1,1441,English,UK,R,8000000,2002,32,7.000000,1.000000,11000
Color,Betty Thomas,116,103,84,664,Viggo Mortensen,12000,37035515,Comedy|Drama,Steve Buscemi,28 DaysÂ ,34597,23864,Elizabeth Perkins,1,12 step program|box office hit|car accident|vomiting|wedding,http://www.imdb.com/title/tt0191754/?ref_=fn_tt_tt_1,194,English,USA,PG-13,43000000,2000,10000,6.000000,1.000000,0
Color,Juan Carlos Fresnadillo,274,100,35,306,Harold Perrineau,10000,28637507,Drama|Horror|Sci-Fi,Jeremy Renner,28 Weeks LaterÂ ,212167,11471,Catherine McCormack,1,paris france|rage|sniper|u.s. army|zombie apocalypse,http://www.imdb.com/title/tt0463854/?ref_=fn_tt_tt_1,713,English,UK,R,15000000,2007,1000,7.000000,1.000000,0
Color,Charles Adelman,4,96,0,460,Kevin Pollak,708,0,Horror|Thriller,Teri Polo,2:13Â ,961,2307,Jere Burns,0,death|forensic|murder|profiler|serial killer,http://www.imdb.com/title/tt1002561/?ref_=fn_tt_tt_1,12,English,USA,,3500000,2009,574,4.000000,2.000000,211
Color,Eric Mendelsohn,20,88,5,301,Edie Falco,795,0,Drama,Embeth Davidtz,3 BackyardsÂ ,554,1884,Kathryn Erbe,0,number in title,http://www.imdb.com/title/tt1314190/?ref_=fn_tt_tt_1,23,English,USA,R,300000,2010,659,5.000000,0.000000,92
Color,McG,211,123,368,114,Richard Sammel,933,30688364,Action|Drama|Thriller,Connie Nielsen,3 Days to KillÂ ,69355,1286,TÃ³mas Lemarquis,0,cancer|estranged wife|leather dress|spy|terrorist,http://www.imdb.com/title/tt2172934/?ref_=fn_tt_tt_1,211,English,USA,PG-13,28000000,2014,194,6.000000,2.000000,10000
Color,Leonard Nimoy,21,102,12000,801,Ted Danson,19000,167780960,Comedy|Drama|Family,Tom Selleck,3 Men and a BabyÂ ,36918,21499,Steve Guttenberg,4,1980s|baby|heroin|package|questioned by police,http://www.imdb.com/title/tt0094137/?ref_=fn_tt_tt_1,42,English,USA,PG,11000000,1987,875,5.000000,1.000000,3000
Color,Charles T. Kanganis,5,93,18,181,Dustin Nguyen,400,11784000,Action|Comedy|Family,Victor Wong,3 Ninjas Kick BackÂ ,6701,1151,Don Stark,0,1990s|dagger|japan|mousetrap|stick fight,http://www.imdb.com/title/tt0109015/?ref_=fn_tt_tt_1,26,English,USA,PG,20000000,1994,220,4.000000,1.000000,444
Color,DJ Pooh,22,82,69,585,Mike Epps,939,9821335,Comedy,Mo'Nique,3 StrikesÂ ,1415,3354,Faizon Love,1,adult diaper|diaper|digit in title|dream|sawed off shotgun,http://www.imdb.com/title/tt0199290/?ref_=fn_tt_tt_1,10,English,USA,R,6000000,2000,706,4.000000,1.000000,118
Color,David Slade,304,113,171,63,Mark Rendall,430,39568996,Horror,Danny Huston,30 Days of NightÂ ,138435,814,Megan Franich,0,alaska|small town|snow|vampire|winter,http://www.imdb.com/title/tt0389722/?ref_=fn_tt_tt_1,527,English,USA,R,32000000,2007,72,6.000000,2.000000,0
Color,Ruben Fleischer,220,83,181,459,Dilshad Vadsaria,731,37053924,Action|Comedy|Crime,Bianca Kajlich,30 Minutes or LessÂ ,77935,1987,Fred Ward,3,bank heist|bank robbery|heist gone wrong|pizza delivery boy|unlikely criminal,http://www.imdb.com/title/tt1622547/?ref_=fn_tt_tt_1,122,English,Germany,R,28000000,2011,579,6.000000,2.000000,0
Color,Craig Moss,29,80,19,73,Ashley Martin,319,0,Comedy,French Stewart,30 Nights of Paranormal Activity with the Devil Inside the Girl with the Dragon TattooÂ ,2978,845,Olivia Alexander,0,exorcism|female nudity|haunted house|lesbian kiss|masturbation,http://www.imdb.com/title/tt2417650/?ref_=fn_tt_tt_1,13,English,USA,R,3000000,2013,302,2.000000,1.000000,2000
Color,Demian Lichtenstein,113,125,11,867,Bokeem Woodbine,11000,15738632,Action|Comedy|Crime|Thriller,Jon Lovitz,3000 Miles to GracelandÂ ,38076,14536,Ice-T,2,casino|elvis impersonator|gun|heist|rascal,http://www.imdb.com/title/tt0233142/?ref_=fn_tt_tt_1,399,English,USA,R,42000000,2001,904,5.000000,2.000000,0
Color,Noam Murro,366,102,263,1000,Sullivan Stapleton,6000,106369117,Action|Drama|Fantasy|War,Eva Green,300: Rise of an EmpireÂ ,225273,10583,Peter Mensah,0,army|commander|female rear nudity|greek|navy,http://www.imdb.com/title/tt1253863/?ref_=fn_tt_tt_1,523,English,USA,R,110000000,2014,1000,6.000000,2.000000,71000
Color,Zack Snyder,460,117,0,447,Michael Fassbender,18000,210592590,Action|Drama|Fantasy|War,Gerard Butler,300Â ,607235,32360,Vincent Regan,0,battle|epic|greece|spartan|warrior,http://www.imdb.com/title/tt0416449/?ref_=fn_tt_tt_1,2073,English,USA,R,65000000,2006,13000,7.000000,2.000000,13000
Color,James Mangold,295,122,446,600,Logan Lerman,23000,53574088,Adventure|Crime|Drama|Western,Christian Bale,3:10 to YumaÂ ,237872,33548,Gretchen Mol,1,outlaw|rancher|small western town|stagecoach|train,http://www.imdb.com/title/tt0381849/?ref_=fn_tt_tt_1,560,English,USA,R,55000000,2007,8000,7.000000,2.000000,0
Color,,22,60,0,501,Wayne Knight,23000,0,Comedy|Family|Sci-Fi,Joseph Gordon-Levitt,3rd Rock from the SunÂ ,38383,25160,Kristen Johnston,4,alien|digit in title|human form|number 3 in title|talking on a rooftop,http://www.imdb.com/title/tt0115082/?ref_=fn_tt_tt_1,86,English,USA,TV-PG,0,0,967,7.000000,1.000000,0
Color,Tom Tykwer,76,119,670,9,Sebastian Schipper,24,59774,Comedy|Drama|Romance,Devid Striesow,3Â ,4212,69,Sophie Rois,0,female nudity|full frontal female nudity|male frontal nudity|menage a trois|pubic hair,http://www.imdb.com/title/tt1517177/?ref_=fn_tt_tt_1,18,German,Germany,Unrated,0,2010,20,6.000000,2.000000,2000
Color,Cristian Mungiu,233,113,163,27,Vlad Ivanov,131,1185783,Drama,Anamaria Marinca,"4 Months, 3 Weeks and 2 DaysÂ  ",44763,264,Alexandru Potocean,0,female rear nudity|friend|hotel|rainy night|towel,http://www.imdb.com/title/tt1032846/?ref_=fn_tt_tt_1,172,Romanian,Romania,Not Rate°,590000,2007,60,7.000000,1.000000,14000
Color,Michael Lehmann,140,96,36,486,Vinessa Shaw,1000,37939782,Comedy|Romance,Emmanuelle Vaugier,40 Days and 40 NightsÂ ,62272,3294,Paulo Costanzo,0,female on male rape|lent|male rear nudity|masturbation|sex,http://www.imdb.com/title/tt0243736/?ref_=fn_tt_tt_1,207,English,USA,R,17000000,2002,580,5.000000,1.000000,2000
Black and White,Lloyd Bacon,65,89,24,45,Dick Powell,610,2300000,Comedy|Musical|Romance,Ginger Rogers,42nd StreetÂ ,7921,995,George Brent,2,chorus girl|chorus line|director|gala premiere|song,http://www.imdb.com/title/tt0024034/?ref_=fn_tt_tt_1,97,English,USA,Unrated,439000,1933,105,7.000000,1.000000,439
Color,Brian Helgeland,216,128,241,898,Christopher Meloni,11000,95001343,Biography|Drama|Sport,Harrison Ford,42Â ,66511,16911,Nicole Beharie,0,baseball|baseball player|brooklyn dodgers|major league baseball|racism,http://www.imdb.com/title/tt0453562/?ref_=fn_tt_tt_1,200,English,USA,PG-13,40000000,2013,3000,7.000000,2.000000,28000
Color,Carl Rinsch,218,128,47,982,Cary-Hiroyuki Tagawa,18000,38297305,Action|Adventure|Drama|Fantasy,Keanu Reeves,47 RoninÂ ,116994,20965,Jin Akanishi,2,box office flop|ronin|samurai|shogun|tournament,http://www.imdb.com/title/tt1335975/?ref_=fn_tt_tt_1,324,English,USA,PG-13,175000000,2013,1000,6.000000,2.000000,35000
Color,Renny Harlin,74,113,212,18,Kenneth Cranham,567,17149,Action|Drama|War,Richard Coyle,5 Days of WarÂ ,12128,708,Ana Imnadze,9,cameraman|epic battle|journalist|south ossetia|street shootout,http://www.imdb.com/title/tt1486193/?ref_=fn_tt_tt_1,61,English,Georgia,R,20000000,2011,111,5.000000,2.000000,0
Color,Peter Segal,147,99,88,328,Peter Dante,11000,120776832,Comedy|Romance,Adam Sandler,50 First DatesÂ ,266103,12952,Allen Covert,2,dream|hawaii|hawaiian shirt|short term memory loss|veterinarian,http://www.imdb.com/title/tt0343660/?ref_=fn_tt_tt_1,456,English,USA,PG-13,75000000,2004,427,6.000000,2.000000,11000
Color,Jonathan Levine,327,100,129,3000,Anna Kendrick,23000,34963967,Comedy|Drama|Romance,Joseph Gordon-Levitt,50/50Â ,270441,39807,Bryce Dallas Howard,2,best friend|cancer|survival rate|therapist|vomiting,http://www.imdb.com/title/tt1306980/?ref_=fn_tt_tt_1,378,English,USA,R,8000000,2011,10000,7.000000,1.000000,40000
Color,Marc Webb,331,95,464,11000,ChloÃ« Grace Moretz,23000,32391374,Comedy|Drama|Romance,Joseph Gordon-Levitt,500 Days of SummerÂ ,376600,54075,Zooey Deschanel,43,friend|greeting card|office|summer|true love,http://www.imdb.com/title/tt1022603/?ref_=fn_tt_tt_1,494,English,USA,PG-13,7500000,2009,17000,7.000000,2.000000,40000
Color,Doug Block,45,90,0,0,Ellen Block,0,84689,Documentary,Carol Block,51 Birch StreetÂ ,695,0,Mike Block,2,address as title|number in title|parents,http://www.imdb.com/title/tt0468442/?ref_=fn_tt_tt_1,16,English,Germany,Unrated,0,2005,0,7.000000,0.000000,70
Color,Mark Christopher,63,121,15,812,Ellen Albertini Dow,4000,16574731,Drama|Music,Salma Hayek,54Â ,27675,6910,Sela Ward,4,angel dust the drug|disco|new york city|quaalude|reference to princess grace of monaco,http://www.imdb.com/title/tt0120577/?ref_=fn_tt_tt_1,181,English,USA,R,13000000,1998,957,5.000000,1.000000,0
Color,Nicholas Ray,15,154,117,86,David Niven,715,0,Action|Adventure|Drama|History|War,Ava Gardner,55 Days at PekingÂ ,4550,1567,John Ireland,3,ambassador|boxer rebellion|china|colonialism|peking china,http://www.imdb.com/title/tt0056800/?ref_=fn_tt_tt_1,50,English,USA,Unrated,9000000,1963,490,6.000000,2.000000,419
Color,Jaco Booyens,0,90,37,0,Sebastian Aguilar,210,0,Drama|Thriller,Nicole Smolen,8 DaysÂ ,44,210,Ivette Alvarez,1,,http://www.imdb.com/title/tt3111864/?ref_=fn_tt_tt_1,3,English,USA,PG-13,2500000,2014,0,6.000000,0.000000,224
Color,Tom Schulman,30,95,45,267,George Hamilton,578,3559990,Comedy|Crime,Kristy Swanson,8 Heads in a Duffel BagÂ ,8005,1363,Dyan Cannon,0,camera shot of feet|female stockinged feet|female stockinged soles|nude pantyhose|pantyhose,http://www.imdb.com/title/tt0118541/?ref_=fn_tt_tt_1,49,English,USA,R,3000000,1997,341,5.000000,1.000000,417
Color,Curtis Hanson,119,110,161,196,Omar Benson Miller,1000,116724075,Drama|Music,Mekhi Phifer,8 MileÂ ,187181,1954,Evan Jones,0,competition|contest|friend|self expression|white rapper,http://www.imdb.com/title/tt0298203/?ref_=fn_tt_tt_1,564,English,USA,R,41000000,2002,418,7.000000,2.000000,0
Color,FranÃ§ois Ozon,128,111,341,569,Isabelle Huppert,963,3076425,Comedy|Crime|Musical|Romance,Catherine Deneuve,8 WomenÂ ,23660,3543,Emmanuelle BÃ©art,1,cook|industrialist|secret|snowstorm|suspect,http://www.imdb.com/title/tt0283832/?ref_=fn_tt_tt_1,162,French,France,R,8000000,2002,678,7.000000,1.000000,0
Color,Jon Avnet,158,108,50,494,Alicia Witt,14000,16930884,Crime|Drama|Mystery|Thriller,Al Pacino,88 MinutesÂ ,65628,16722,Deborah Kara Unger,1,death|fbi|forensics|murder|serial killer,http://www.imdb.com/title/tt0411061/?ref_=fn_tt_tt_1,262,English,USA,R,30000000,2007,975,5.000000,2.000000,0
Color,Reed Cowan,28,80,0,5,Emily Pearson,191,99851,Documentary,Dustin Lance Black,8: The Mormon PropositionÂ ,1138,210,Gavin Newsom,0,church|marriage|mormon|mormon church|proposition,http://www.imdb.com/title/tt1484522/?ref_=fn_tt_tt_1,30,English,USA,R,2500000,2010,12,7.000000,1.000000,0
Color,Joel Schumacher,138,123,541,173,Chris Bauer,12000,36283504,Mystery|Thriller,Nicolas Cage,8MMÂ ,104564,12970,Anthony Heald,1,investigation|obsession|private eye|private investigator|snuff film,http://www.imdb.com/title/tt0134273/?ref_=fn_tt_tt_1,587,English,Germany,R,40000000,1999,638,6.000000,2.000000,0
Color,Michael Polish,12,121,35,473,Bobby Batson,4000,4700361,Drama,Hayden Christensen,90 Minutes in HeavenÂ ,2047,6617,Cynthia Barrett,0,heaven|hospital|praying|pronounced dead|recovery,http://www.imdb.com/title/tt4337690/?ref_=fn_tt_tt_1,29,English,USA,PG-13,5000000,2015,849,4.000000,2.000000,0
Color,Shane Acker,263,79,30,265,Alan Oppenheimer,940,31743332,Action|Adventure|Animation|Drama|Mystery|Sci-Fi|Thriller,Martin Landau,9Â ,111117,1594,Tom Kane,0,hope|key|machine|number|rag doll,http://www.imdb.com/title/tt0472033/?ref_=fn_tt_tt_1,245,English,USA,PG-13,30000000,2009,271,7.000000,1.000000,13000
Color,Adrian Lyne,38,112,213,45,Karen Young,567,6734844,Drama|Romance,David Margulies,9Â½ WeeksÂ ,29591,711,Kim Chan,0,blindfolded woman|control|male dominance|sex game|sex in public,http://www.imdb.com/title/tt0091635/?ref_=fn_tt_tt_1,118,English,USA,R,17000000,1986,67,5.000000,1.000000,0
Color,Ron Howard,205,135,2000,535,Austin Pendleton,1000,170708996,Biography|Drama,Adam Goldberg,A Beautiful MindÂ ,610568,2827,Judd Hirsch,0,conspiracy|cryptography|mathematician|mental illness|nobel prize,http://www.imdb.com/title/tt0268978/?ref_=fn_tt_tt_1,1171,English,USA,PG-13,58000000,2001,592,8.000000,1.000000,29000
Color,Mitchell Altieri,0,87,9,165,Luke Edwards,467,0,Comedy|Horror|Thriller,Kimberley Crossman,A Beginner's Guide to SnuffÂ ,13,1270,Bree Williamson,0,,http://www.imdb.com/title/tt4058122/?ref_=fn_tt_tt_1,0,English,USA,,0,2016,258,8.000000,0.000000,8
Color,Chris Weitz,94,98,129,221,Eddie 'Piolin' Sotelo,749,1754319,Drama|Romance,DemiÃ¡n Bichir,A Better LifeÂ ,13174,2214,Robert Peters,0,gang|gardener|money|police|truck,http://www.imdb.com/title/tt1554091/?ref_=fn_tt_tt_1,81,English,USA,PG-13,10000000,2011,252,7.000000,1.000000,0
Black and White,Richard Attenborough,56,175,0,14,Dirk Bogarde,385,50800000,Drama|History|War,Ryan O'Neal,A Bridge Too FarÂ ,40277,669,Wolfgang Preiss,14,airborne troops|allies|operation market garden|panzer|paratrooper,http://www.imdb.com/title/tt0075784/?ref_=fn_tt_tt_1,210,English,USA,PG,26000000,1977,232,7.000000,2.000000,0
Color,John Lasseter,117,95,487,1000,Madeline Kahn,18000,162792677,Adventure|Animation|Comedy|Family|Fantasy,Kevin Spacey,A Bug's LifeÂ ,211226,24205,John Ratzenberger,0,ant|circus|grasshopper|misunderstanding|overhearing,http://www.imdb.com/title/tt0120623/?ref_=fn_tt_tt_1,317,English,USA,G,120000000,1998,1000,7.000000,2.000000,0
Color,Bill Melendez,43,25,36,27,Bill Melendez,39,0,Animation|Comedy|Family,Peter Robbins,A Charlie Brown ChristmasÂ ,21826,139,Christopher Shea,0,christmas|christmas tree|commercialism|meaning of christmas|tree,http://www.imdb.com/title/tt0059026/?ref_=fn_tt_tt_1,126,English,USA,TV-G,150000,1965,36,8.000000,1.000000,0
Color,Robert Zemeckis,240,96,0,10000,Colin Firth,18000,137850096,Animation|Drama|Family|Fantasy,Robin Wright,A Christmas CarolÂ ,72809,48878,Gary Oldman,0,charles dickens|christmas|christmas eve|ghost|scrooge,http://www.imdb.com/title/tt1067106/?ref_=fn_tt_tt_1,249,English,USA,PG,200000000,2009,14000,6.000000,2.000000,0
Color,Bob Clark,109,94,84,378,Darren McGavin,662,0,Comedy|Family,Zack Ward,A Christmas StoryÂ ,104908,2076,Scott Schwartz,0,bb gun|boy|bully|christmas|tongue stuck on a pole,http://www.imdb.com/title/tt0085334/?ref_=fn_tt_tt_1,458,English,USA,PG,4000000,1983,577,8.000000,1.000000,18000
Color,Mark Rosman,69,95,15,528,Lin Shaye,1000,51431160,Comedy|Family|Romance,Dan Byrd,A Cinderella StoryÂ ,62861,3092,Julie Gonzalo,2,cinderella story|correspondence|evil step mother|female protagonist|teenage girl,http://www.imdb.com/title/tt0356470/?ref_=fn_tt_tt_1,232,English,USA,PG,20000000,2004,852,5.000000,1.000000,0
Color,Steven Zaillian,110,115,234,521,Kathleen Quinlan,3000,56702901,Drama,Robert Duvall,A Civil ActionÂ ,23302,4713,Sydney Pollack,1,1980s|law firm|lawsuit|lawyer|toxic waste,http://www.imdb.com/title/tt0120633/?ref_=fn_tt_tt_1,181,English,USA,PG-13,60000000,1998,552,6.000000,2.000000,1000
Color,David Cronenberg,345,99,0,691,Viggo Mortensen,13000,5702083,Biography|Drama|Thriller,Michael Fassbender,A Dangerous MethodÂ ,80617,23755,Sarah Gadon,3,carl jung|patient|psychoanalysis|russian|sigmund freud,http://www.imdb.com/title/tt1571222/?ref_=fn_tt_tt_1,190,English,UK,R,15000000,2011,10000,6.000000,1.000000,36000
Color,Kevin Brodie,25,100,0,359,Cheryl Ladd,655,2148212,Drama|Family,Bruce McGill,A Dog of FlandersÂ ,781,1906,Jack Warden,0,artist|box office flop|dog|drawing|flanders,http://www.imdb.com/title/tt0160216/?ref_=fn_tt_tt_1,20,English,USA,PG,7000000,1999,476,6.000000,1.000000,157
Color,David Hewlett,8,88,686,405,David Hewlett,847,0,Comedy,Christopher Judge,A Dog's BreakfastÂ ,3262,2364,Paul McGillion,2,dog|vegetarian,http://www.imdb.com/title/tt0796314/?ref_=fn_tt_tt_1,46,English,Canada,,120000,2007,686,7.000000,1.000000,377
Color,David Hewlett,8,88,686,405,David Hewlett,847,0,Comedy,Christopher Judge,A Dog's BreakfastÂ ,3262,2364,Paul McGillion,2,dog|vegetarian,http://www.imdb.com/title/tt0796314/?ref_=fn_tt_tt_1,46,English,Canada,,120000,2007,686,7.000000,1.000000,377
Black and White,Frank Borzage,42,79,57,99,Helen Hayes,998,0,Drama|Romance|War,Gary Cooper,A Farewell to ArmsÂ ,3519,1284,Adolphe Menjou,1,1910s|ambulance driver|italy|lake|nurse,http://www.imdb.com/title/tt0022879/?ref_=fn_tt_tt_1,46,English,USA,Unrated,800000,1932,164,6.000000,1.000000,213
Color,Rob Reiner,81,138,0,574,Demi Moore,10000,141340178,Drama|Thriller,Tom Cruise,A Few Good MenÂ ,181879,14619,Kevin Pollak,0,cuba|guantanamo|lance corporal|lawyer|murder,http://www.imdb.com/title/tt0104257/?ref_=fn_tt_tt_1,319,English,USA,R,40000000,1992,2000,7.000000,2.000000,0
,Jonathan Meyers,1,111,0,426,Luke Perry,657,0,Drama,Justin Baldoni,A Fine StepÂ ,207,2677,Leonor Varela,0,,http://www.imdb.com/title/tt1604100/?ref_=fn_tt_tt_1,1,,USA,PG,1000000,2014,608,5.000000,0.000000,212
Color,Sergio Leone,122,99,0,93,Gian Maria VolontÃ¨,16000,3500000,Action|Drama|Western,Clint Eastwood,A Fistful of DollarsÂ ,147566,16534,Aldo Sambrell,1,balladeer|bar|drifter|mexican|revenge,http://www.imdb.com/title/tt0058461/?ref_=fn_tt_tt_1,235,Italian,Italy,R,200000,1964,360,8.000000,2.000000,0
Color,Richard Lester,25,99,44,137,Zero Mostel,907,0,Comedy|Musical,Buster Keaton,A Funny Thing Happened on the Way to the ForumÂ ,6804,1807,Phil Silvers,0,based on stage musical|based on stage musical based on stage play|freedom|historical fiction|virgin,http://www.imdb.com/title/tt0060438/?ref_=fn_tt_tt_1,72,English,USA,Approved€„,2000000,1966,164,7.000000,1.000000,805
Color,John Moore,412,101,212,476,Cole Hauser,13000,67344392,Action|Thriller,Bruce Willis,A Good Day to Die HardÂ ,165618,15481,Megalyn Echikunwoke,2,bomb|cia|courthouse|escape|russian,http://www.imdb.com/title/tt1606378/?ref_=fn_tt_tt_1,503,English,USA,R,92000000,2013,787,5.000000,1.000000,66000
Color,Ridley Scott,147,117,0,567,Albert Finney,883,7458269,Comedy|Drama|Romance,Archie Panjabi,A Good YearÂ ,70698,3611,Richard Coyle,1,based on novel|inheritance|provence|uncle|wine,http://www.imdb.com/title/tt0401445/?ref_=fn_tt_tt_1,196,English,USA,PG-13,35000000,2006,883,6.000000,2.000000,9000
Black and White,Victor Fleming,9,122,149,315,Esther Williams,760,0,Drama|Fantasy|Romance|War,Spencer Tracy,A Guy Named JoeÂ ,1553,2555,Irene Dunne,0,heaven|pilot|teacher|training|world war two,http://www.imdb.com/title/tt0035959/?ref_=fn_tt_tt_1,27,English,USA,Passed,2627000,1943,675,7.000000,1.000000,116
Color,Chris Koch,81,101,13,499,Lochlyn Munro,651,15408822,Comedy|Romance,Thomas Lennon,A Guy ThingÂ ,14147,2698,James Brolin,3,bachelor party|climbing a tree|taxi|toilet|wedding,http://www.imdb.com/title/tt0295289/?ref_=fn_tt_tt_1,92,English,USA,PG-13,20000000,2003,555,5.000000,1.000000,401
Black and White,Richard Lester,105,87,44,704,Ringo Starr,785,515005,Comedy|Musical,Paul McCartney,A Hard Day's NightÂ ,31429,2538,George Harrison,1,boy|concert|drummer|manager|television,http://www.imdb.com/title/tt0058182/?ref_=fn_tt_tt_1,219,English,UK,Approved€‹,560000,1964,725,7.000000,1.000000,0
Color,Michael Tiddes,69,86,89,511,Essence Atkins,986,17314483,Comedy|Fantasy,Ashley Rickards,A Haunted House 2Â ,14621,4073,Gabriel Iglesias,2,bare breasts|parody|sexual innuendo|slip and fall|squirting orgasm,http://www.imdb.com/title/tt2828996/?ref_=fn_tt_tt_1,48,English,USA,R,4000000,2014,713,4.000000,1.000000,0
Color,Michael Tiddes,129,86,89,555,Alanna Ubach,713,40041683,Comedy|Fantasy,Essence Atkins,A Haunted HouseÂ ,34620,3421,J.B. Smoove,6,hamburger|parody|priest|psychic|woman in a bikini,http://www.imdb.com/title/tt2243537/?ref_=fn_tt_tt_1,107,English,USA,R,2500000,2013,584,5.000000,1.000000,0
Color,David Cronenberg,441,96,0,882,Kyle Schmid,10000,31493782,Crime|Drama|Thriller,Viggo Mortensen,A History of ViolenceÂ ,186606,12754,William Hurt,1,bar|crotch shot|female full frontal nudity|female pubic hair|robbery,http://www.imdb.com/title/tt0399146/?ref_=fn_tt_tt_1,1125,English,USA,R,32000000,2005,917,7.000000,1.000000,0
Color,Michael Mayer,84,97,15,874,Matt Frewer,18000,1029017,Drama|Romance,Robin Wright,A Home at the End of the WorldÂ ,12049,21107,Sissy Spacek,2,hand job|hugging|long hair|new york city|two men one woman,http://www.imdb.com/title/tt0359423/?ref_=fn_tt_tt_1,135,English,USA,R,6500000,2004,986,6.000000,2.000000,1000
Color,Brian Helgeland,167,144,241,996,Rufus Sewell,13000,56083966,Action|Adventure|Romance,Heath Ledger,A Knight's TaleÂ ,137003,18761,BÃ©rÃ©nice Bejo,1,chaucer|jousting|knight|medieval times|tournament,http://www.imdb.com/title/tt0183790/?ref_=fn_tt_tt_1,658,English,USA,PG-13,65000000,2001,3000,6.000000,2.000000,0
Black and White,Penny Marshall,41,128,545,251,Lori Petty,15000,107458785,Comedy|Drama|Sport,Tom Hanks,A League of Their OwnÂ ,71754,16751,Rosie O'Donnell,3,baseball|friend|oregon|rivalry|softball,http://www.imdb.com/title/tt0104694/?ref_=fn_tt_tt_1,166,English,USA,PG,40000000,1992,923,7.000000,2.000000,0
Color,Kief Davidson,43,93,0,0,Brian Whitaker,20,100240,Documentary,G.W. Krauss,A Lego BrickumentaryÂ ,1220,28,Jason Bateman,0,artist|denmark|lego|toy|toy company,http://www.imdb.com/title/tt3214286/?ref_=fn_tt_tt_1,11,English,Denmark,G,1000000,2014,8,6.000000,0.000000,0
Color,Julian Gilbey,135,99,7,641,Eamonn Walker,762,0,Action|Adventure|Crime|Thriller,Ed Speleers,A Lonely Place to DieÂ ,22220,2631,Sean Harris,1,kidnapper|mountaineering|scotland|scottish highlands|sniper,http://www.imdb.com/title/tt1422136/?ref_=fn_tt_tt_1,97,English,UK,R,4000000,2011,706,6.000000,2.000000,0
Color,Nigel Cole,112,107,13,165,Tyrone Giordano,618,21835784,Comedy|Drama|Romance,Aimee Garcia,A Lot Like LoveÂ ,58297,1095,James Read,3,flight|hasselblad camera|los angeles california|love|medium format camera,http://www.imdb.com/title/tt0391304/?ref_=fn_tt_tt_1,161,English,USA,PG-13,30000000,2005,172,6.000000,1.000000,0
Color,Keenen Ivory Wayans,8,100,322,534,Salli Richardson-Whitfield,851,29392418,Action|Comedy|Crime,Jada Pinkett Smith,A Low Down Dirty ShameÂ ,3924,3190,Charles S. Dutton,2,drugs|ex cop|gun fu|machismo|shootout,http://www.imdb.com/title/tt0110399/?ref_=fn_tt_tt_1,26,English,USA,R,10000000,1994,543,5.000000,1.000000,368
Color,Tyler Perry,24,100,0,400,Tika Sumpter,975,52528330,Comedy|Drama,Alicia Witt,A Madea ChristmasÂ ,4265,3202,Larry the Cable Guy,0,christmas|holiday|madea series|rural setting|stubbornness,http://www.imdb.com/title/tt2609758/?ref_=fn_tt_tt_1,27,English,USA,PG-13,25000000,2013,521,4.000000,1.000000,0
Color,F. Gary Gray,110,109,473,582,Jeff Kober,14000,26183197,Action|Crime|Drama|Thriller,Vin Diesel,A Man ApartÂ ,38348,16611,Larenz Tate,0,bust|dea|drug cartel|justice|tragic hero,http://www.imdb.com/title/tt0266465/?ref_=fn_tt_tt_1,135,English,USA,R,36000000,2003,919,6.000000,2.000000,0
Color,Fred Zinnemann,62,120,160,94,Susannah York,559,0,Biography|Drama|History,Robert Shaw,A Man for All SeasonsÂ ,23713,1238,Paul Scofield,0,catholic|chancellor|divorce|king henry viii|thomas more,http://www.imdb.com/title/tt0060665/?ref_=fn_tt_tt_1,167,English,UK,Approved€„,2000000,1966,269,7.000000,1.000000,2000
Color,Michael Winterbottom,190,108,187,254,Archie Panjabi,11000,9172810,Biography|Drama|History|Thriller|War,Angelina Jolie Pitt,A Mighty HeartÂ ,24150,12178,Dan Futterman,0,fbi|journalist|missing|pakistan|reporter,http://www.imdb.com/title/tt0829459/?ref_=fn_tt_tt_1,118,English,USA,R,16000000,2007,883,6.000000,2.000000,923
Color,Christopher Guest,97,91,378,345,Christopher Guest,658,17508936,Comedy|Music,Michael McKean,A Mighty WindÂ ,22408,1660,Laura Harris,0,concert|mockumentary|musician|new york city|singer,http://www.imdb.com/title/tt0310281/?ref_=fn_tt_tt_1,272,English,USA,PG-13,0,2003,378,7.000000,1.000000,0
Color,Seth MacFarlane,303,136,3000,3000,Charlize Theron,14000,42615685,Comedy|Western,Liam Neeson,A Million Ways to Die in the WestÂ ,136093,28927,Seth MacFarlane,3,dancing sheep|fetish|musical scene|racial humor|snake poison,http://www.imdb.com/title/tt2557490/?ref_=fn_tt_tt_1,416,English,USA,R,40000000,2014,9000,6.000000,2.000000,24000
Color,Bibo Bergeron,63,90,10,541,Bob Balaban,1000,0,Adventure|Animation|Comedy|Fantasy|Music|Romance,Adam Goldberg,A Monster in ParisÂ ,15790,3243,FranÃ§ois Cluzet,0,belle epoque|city name in title|monster|paris france,http://www.imdb.com/title/tt0961097/?ref_=fn_tt_tt_1,40,French,France,PG,25000000,2011,559,6.000000,1.000000,0
Color,J.C. Chandor,350,125,78,745,Ashley Williams,1000,5749134,Action|Crime|Drama|Thriller,David Oyelowo,A Most Violent YearÂ ,45799,3979,Albert Brooks,0,american dream|immigrant|new york city|oil|violence,http://www.imdb.com/title/tt2937898/?ref_=fn_tt_tt_1,180,English,USA,R,20000000,2014,969,7.000000,2.000000,0
Color,Anton Corbijn,291,122,210,123,Nina Hoss,22000,17237244,Crime|Drama|Thriller,Philip Seymour Hoffman,A Most Wanted ManÂ ,57210,22574,Homayoun Ershadi,3,intelligence|intelligence agency|secret service|surveillance camera|war on terror,http://www.imdb.com/title/tt1972571/?ref_=fn_tt_tt_1,158,English,UK,R,15000000,2014,164,6.000000,2.000000,13000
Color,John Fortenberry,63,82,12,281,Chris Kattan,8000,30324946,Comedy|Music|Romance,Will Ferrell,A Night at the RoxburyÂ ,48458,9271,Dan Hedaya,2,1990s|bar|car accident|nightclub|whipped cream,http://www.imdb.com/title/tt0120770/?ref_=fn_tt_tt_1,239,English,USA,PG-13,17000000,1998,357,6.000000,1.000000,0
Color,Jack Sholder,138,87,28,217,Robert Rusler,426,30000000,Fantasy|Horror,Clu Gulager,A Nightmare on Elm Street 2: Freddy's RevengeÂ ,43485,1472,Marshall Bell,0,freddy krueger|gay|gay subtext|homoeroticism|jock strap,http://www.imdb.com/title/tt0089686/?ref_=fn_tt_tt_1,327,English,USA,R,2200000,1985,359,5.000000,1.000000,0
Color,Chuck Russell,131,88,55,150,Heather Langenkamp,506,44793200,Action|Fantasy|Horror|Thriller,John Saxon,A Nightmare on Elm Street 3: Dream WarriorsÂ ,49820,1584,Jennifer Rubin,0,dream|freddy krueger|killer|nightmare|springwood ohio,http://www.imdb.com/title/tt0093629/?ref_=fn_tt_tt_1,311,English,USA,X,4500000,1987,449,6.000000,1.000000,0
Color,Renny Harlin,102,99,212,54,Rodney Eastman,130,49369900,Fantasy|Horror|Thriller,Tuesday Knight,A Nightmare on Elm Street 4: The Dream MasterÂ ,36108,450,Brooke Bundy,0,demon|dream|elm street|freddy krueger|nightmare,http://www.imdb.com/title/tt0095742/?ref_=fn_tt_tt_1,260,English,USA,R,7000000,1988,125,5.000000,1.000000,0
Black and White,Stephen Hopkins,88,89,81,92,Kelly Jo Minter,321,22168359,Fantasy|Horror|Romance|Thriller,Lisa Wilcox,A Nightmare on Elm Street 5: The Dream ChildÂ ,29659,584,Matthew Borlenghi,0,child|comic book|dream|murderer|nightmare,http://www.imdb.com/title/tt0097981/?ref_=fn_tt_tt_1,227,English,USA,X,8000000,1989,101,5.000000,1.000000,1000
Color,Wes Craven,256,101,0,574,Lin Shaye,40000,26505000,Horror,Johnny Depp,A Nightmare on Elm StreetÂ ,149293,42918,Amanda Wyss,1,freddy krueger|lucid dream|serial killer|slasher|sleep deprivation,http://www.imdb.com/title/tt0087800/?ref_=fn_tt_tt_1,668,English,USA,X,1800000,1984,852,7.000000,1.000000,10000
Color,Wes Craven,256,101,0,574,Lin Shaye,40000,26505000,Horror,Johnny Depp,A Nightmare on Elm StreetÂ ,149285,42918,Amanda Wyss,1,freddy krueger|lucid dream|serial killer|slasher|sleep deprivation,http://www.imdb.com/title/tt0087800/?ref_=fn_tt_tt_1,668,English,USA,X,1800000,1984,852,7.000000,1.000000,10000
Color,David Lean,52,164,767,162,Judy Davis,358,26400000,Adventure|Drama|History,Richard Wilson,A Passage to IndiaÂ ,12980,1334,Art Malik,0,doctor|english|india|magistrate|mosque,http://www.imdb.com/title/tt0087892/?ref_=fn_tt_tt_1,89,English,UK,PG,16000000,1984,223,7.000000,1.000000,845
Color,David Twohy,160,108,123,690,Milla Jovovich,26000,15483540,Adventure|Mystery|Thriller,Chris Hemsworth,A Perfect GetawayÂ ,56338,41359,Marley Shelton,4,cliff|hawaii|island|newlywed|waterfall,http://www.imdb.com/title/tt0971209/?ref_=fn_tt_tt_1,215,English,USA,R,14000000,2009,14000,6.000000,2.000000,4000
Color,Pascal Chaumeil,58,104,8,8,Malonn LÃ©vana,172,0,Comedy|Romance,Dany Boon,A Perfect PlanÂ ,5525,210,Alice Pol,2,curse|divorce|marriage|tourism|travel,http://www.imdb.com/title/tt1986843/?ref_=fn_tt_tt_1,11,French,France,,17000000,2012,20,6.000000,2.000000,853
Color,Benjamin Roberds,13,76,0,0,Maxwell Moody,0,0,Drama|Horror|Thriller,Eva Boehnke,A Plague So PleasantÂ ,38,0,David Chandler,0,,http://www.imdb.com/title/tt2107644/?ref_=fn_tt_tt_1,3,English,USA,,1400,2013,0,6.000000,0.000000,16
Color,Robert Altman,211,105,500,718,Virginia Madsen,11000,20338609,Comedy|Drama|Music,Meryl Streep,A Prairie Home CompanionÂ ,19655,12946,Lily Tomlin,8,backstage|country music|cowboy|radio|singing,http://www.imdb.com/title/tt0420087/?ref_=fn_tt_tt_1,280,English,USA,PG-13,10000000,2006,912,6.000000,2.000000,683
Color,Shane Meadows,29,90,222,222,Paddy Considine,5000,18434,Comedy|Drama,Bob Hoskins,A Room for Romeo BrassÂ ,4471,6111,Shane Meadows,2,betrayal|family relationships|friendship|psychosis|stranger,http://www.imdb.com/title/tt0202559/?ref_=fn_tt_tt_1,47,English,UK,R,0,1999,680,7.000000,1.000000,484
Color,James Ivory,55,117,133,249,Rupert Graves,687,20966644,Drama|Romance,Julian Sands,A Room with a ViewÂ ,29610,1665,Denholm Elliott,0,male nudity|male pubic hair|nude bathing|piano|pubic hair,http://www.imdb.com/title/tt0091867/?ref_=fn_tt_tt_1,94,English,UK,Unrated,3000000,1985,443,7.000000,1.000000,0
Color,Richard Linklater,232,100,0,407,Keanu Reeves,21000,5480996,Animation|Drama|Mystery|Sci-Fi|Thriller,Robert Downey Jr.,A Scanner DarklyÂ ,89383,39507,Rory Cochrane,0,detective|drugs|substance d|undercover|undercover cop,http://www.imdb.com/title/tt0405296/?ref_=fn_tt_tt_1,293,English,USA,R,8700000,2006,18000,7.000000,1.000000,0
Color,Asghar Farhadi,354,123,0,620,Leila Hatami,786,7098492,Drama|Mystery,Shahab Hosseini,A SeparationÂ ,151812,2501,Peyman Moaadi,2,alzheimer's disease|caregiver|divorce|iran|iranian,http://www.imdb.com/title/tt1832382/?ref_=fn_tt_tt_1,264,Persian,Iran,PG-13,500000,2011,712,8.000000,1.000000,48000
Color,Ethan Coen,341,106,1000,98,Fred Melamed,816,9190525,Comedy|Drama,Michael Stuhlbarg,A Serious ManÂ ,102125,1120,Peter Breitmayer,1,bar mitzvah|jewish|marital breakup|nose job|rabbi,http://www.imdb.com/title/tt1019452/?ref_=fn_tt_tt_1,324,English,USA,R,7000000,2009,105,7.000000,1.000000,10000
Color,Vic Sarin,37,101,24,130,Aidan Quinn,933,0,Drama|Family,Connie Nielsen,A Shine of RainbowsÂ ,1696,1940,John Bell,2,island|love|new home|orphan|rainbow,http://www.imdb.com/title/tt1014774/?ref_=fn_tt_tt_1,19,English,Canada,PG,6000000,2009,767,7.000000,2.000000,1000
Color,Sam Raimi,125,121,0,244,Bridget Fonda,989,16311763,Crime|Drama|Thriller,Gary Cole,A Simple PlanÂ ,50656,2365,Chelcie Ross,1,bag of money|found money|minnesota|screenplay adapted by author|snow,http://www.imdb.com/title/tt0120324/?ref_=fn_tt_tt_1,416,English,UK,R,17000000,1998,888,7.000000,1.000000,0
Color,Michael Ritchie,21,89,23,899,Francis Capra,1000,8119205,Comedy|Family|Fantasy,Mara Wilson,A Simple WishÂ ,4288,5535,Kathleen Turner,3,8 year old|convention|magic|magic wand|male fairy godmother,http://www.imdb.com/title/tt0120133/?ref_=fn_tt_tt_1,21,English,USA,PG,28000000,1997,937,5.000000,1.000000,517
Color,Tom Ford,281,99,192,292,Teddy Sears,14000,9166863,Drama|Romance,Colin Firth,A Single ManÂ ,83182,14816,Keri Lynn Pratt,2,car accident|male full back nudity|practicing a suicide|public nudity|suicide contemplation,http://www.imdb.com/title/tt1315981/?ref_=fn_tt_tt_1,247,English,USA,R,7000000,2009,343,7.000000,2.000000,16000
Color,Peter Hyams,113,102,0,212,Catherine McCormack,1000,1891821,Action|Adventure|Horror|Sci-Fi|Thriller,David Oyelowo,A Sound of ThunderÂ ,16474,1890,Jemima Rooper,0,butterfly|hunter|time|time travel|wave,http://www.imdb.com/title/tt0318081/?ref_=fn_tt_tt_1,301,English,UK,PG-13,52000000,2005,307,4.000000,2.000000,785
Black and White,Elia Kazan,94,125,603,114,Karl Malden,10000,0,Drama,Marlon Brando,A Streetcar Named DesireÂ ,78454,10570,Kim Hunter,0,brother in law sister in law relationship|expectant father|histrionic personality disorder|middle aged woman|off screen rape,http://www.imdb.com/title/tt0044081/?ref_=fn_tt_tt_1,233,English,USA,PG,1800000,1951,416,8.000000,1.000000,5000
Color,Mabel Cheung,6,130,3,2,Ching Wan Lau,215,0,Drama,Wei Tang,A Tale of Three CitiesÂ ,117,244,Hailu Qin,1,,http://www.imdb.com/title/tt3682770/?ref_=fn_tt_tt_1,6,Chinese,China,,12000000,2015,27,6.000000,2.000000,4
Color,Martin Lawrence,11,108,0,388,Lynn Whitfield,585,34746109,Comedy|Crime|Drama|Romance|Thriller,Faizon Love,A Thin Line Between Love and HateÂ ,3122,3023,Della Reese,2,african american|dating|independent film|irreverence|revenge,http://www.imdb.com/title/tt0117891/?ref_=fn_tt_tt_1,14,English,USA,R,8000000,1996,434,5.000000,2.000000,559
Color,Brian Robbins,70,91,48,39,Lou Saliba,61,18438149,Comedy|Drama,John Gatins,A Thousand WordsÂ ,30842,222,Greg Collins,8,box office flop|buddhist|liar|literary agent|magical tree,http://www.imdb.com/title/tt0763831/?ref_=fn_tt_tt_1,93,English,USA,PG-13,40000000,2012,46,5.000000,2.000000,0
Color,Joel Schumacher,71,149,541,1000,Matthew McConaughey,18000,108706165,Crime|Drama|Thriller,Kevin Spacey,A Time to KillÂ ,99558,31349,Oliver Platt,3,african american|court|law|mississippi|trial,http://www.imdb.com/title/tt0117913/?ref_=fn_tt_tt_1,236,English,USA,R,40000000,1996,11000,7.000000,2.000000,0
Color,,14,105,0,5,Bruce Alexander,325,0,Crime|Drama|Mystery,David Jason,A Touch of FrostÂ ,4438,344,John Lyons,1,cult tv|death|detective inspector|four word title|internal affairs,http://www.imdb.com/title/tt0108967/?ref_=fn_tt_tt_1,33,English,UK,,0,0,7,7.000000,1.000000,361
Color,Malcolm Goodwin,0,96,117,281,Jon Gries,948,0,Comedy,Katrina Bowden,A True StoryÂ ,181,2058,Kelen Coleman,5,ellipsis in title|long title|period in title|punctuation in title|title ends with period,http://www.imdb.com/title/tt1524083/?ref_=fn_tt_tt_1,4,English,USA,,45000,2013,482,5.000000,2.000000,72
Color,Ben Stassen,56,88,4,602,Jenny McCarthy,783,0,Adventure|Animation|Family,Ed Begley Jr.,A Turtle's Tale: Sammy's AdventuresÂ ,5385,3874,Stacy Keach,2,apostrophe in title|character name in title|punctuation in title|sea turtle,http://www.imdb.com/title/tt1230204/?ref_=fn_tt_tt_1,22,English,France,PG,0,2010,749,6.000000,2.000000,0
Color,Todd Strauss-Schulson,161,90,12,587,Thomas Lennon,786,35033759,Adventure|Comedy,Patton Oswalt,A Very Harold & Kumar 3D ChristmasÂ ,55008,2462,Paula GarcÃ©s,4,christmas|christmas tree|fire|new york city|stoner,http://www.imdb.com/title/tt1268799/?ref_=fn_tt_tt_1,93,English,USA,R,19000000,2011,651,6.000000,2.000000,21000
Color,Jean-Pierre Jeunet,186,133,0,46,AndrÃ© Dussollier,226,6167817,Drama|Mystery|Romance|War,Denis Lavant,A Very Long EngagementÂ ,62607,405,Albert Dupontel,1,court martial|death|girl|no man's land|soldier,http://www.imdb.com/title/tt0344510/?ref_=fn_tt_tt_1,239,French,France,R,47000000,2004,52,7.000000,2.000000,0
Color,John Glen,108,131,46,433,Alison Doody,1000,50300000,Action|Adventure|Thriller,Patrick Macnee,A View to a KillÂ ,68565,2943,Tanya Roberts,2,computer|earthquake|microchip|official james bond series|silicon valley,http://www.imdb.com/title/tt0090264/?ref_=fn_tt_tt_1,300,English,UK,PG,30000000,1985,439,6.000000,2.000000,0
Color,Scott Frank,253,114,71,313,Boyd Holbrook,14000,25977365,Crime|Drama|Mystery|Thriller,Liam Neeson,A Walk Among the TombstonesÂ ,87950,15428,David Harbour,0,drug dealer|ex cop|murder of wife|revenge|violence,http://www.imdb.com/title/tt0365907/?ref_=fn_tt_tt_1,207,English,USA,R,28000000,2014,439,6.000000,2.000000,15000
Color,Tony Goldwyn,47,107,956,113,Julie Kavner,10000,4741987,Drama,Viggo Mortensen,A Walk on the MoonÂ ,6782,10368,Tovah Feldshuh,1,adulterous wife|cheating wife|summer|unfaithfulness|woodstock,http://www.imdb.com/title/tt0120613/?ref_=fn_tt_tt_1,114,English,USA,R,14000000,1999,233,6.000000,1.000000,860
Color,Adam Shankman,80,101,163,488,Peter Coyote,683,41227069,Drama|Romance,Lauren German,A Walk to RememberÂ ,162701,2436,Paz de la Huerta,1,community service|love|punishment|school|student,http://www.imdb.com/title/tt0281358/?ref_=fn_tt_tt_1,962,English,USA,PG,11000000,2002,548,7.000000,2.000000,19000
Color,Maksim Fadeev,5,85,0,21,Fedor Bondarchuk,114,0,Adventure|Animation|Fantasy,Konstantin Khabenskiy,A Warrior's TailÂ ,393,229,Sergey Garmash,1,battle|creature|hyena|monkey|village,http://www.imdb.com/title/tt4075322/?ref_=fn_tt_tt_1,7,Russian,Russia,,30000000,2015,35,4.000000,0.000000,161
Color,Yimou Zhang,101,95,611,3,Ni Yan,9,190666,Comedy|Drama,Honglei Sun,"A Woman, a Gun and a Noodle ShopÂ  ",2410,18,Dahong Ni,1,betrayal|husband wife relationship|murder|noodles|salary,http://www.imdb.com/title/tt1428556/?ref_=fn_tt_tt_1,20,Mandarin,China,R,0,2009,4,5.000000,2.000000,784
Color,Yimou Zhang,101,95,611,3,Ni Yan,9,190666,Comedy|Drama,Honglei Sun,"A Woman, a Gun and a Noodle ShopÂ  ",2410,18,Dahong Ni,1,betrayal|husband wife relationship|murder|noodles|salary,http://www.imdb.com/title/tt1428556/?ref_=fn_tt_tt_1,20,Mandarin,China,R,0,2009,4,5.000000,2.000000,784
Color,Steven Spielberg,281,146,14000,681,William Hurt,3000,78616689,Adventure|Drama|Sci-Fi,Haley Joel Osment,A.I. Artificial IntelligenceÂ ,238747,6217,Kevin Sussman,0,affection|boy|fairy|future|robot,http://www.imdb.com/title/tt0212720/?ref_=fn_tt_tt_1,2153,English,USA,PG-13,100000000,2001,882,7.000000,1.000000,11000
Color,Remo,15,160,168,71,Remo,733,95236,Drama|Musical,Lauren Gottlieb,ABCD (Any Body Can Dance)Â ,5018,1182,Prabhudheva,3,,http://www.imdb.com/title/tt2321163/?ref_=fn_tt_tt_1,38,Hindi,India,Not Rate,0,2013,168,6.000000,0.000000,1000
Color,Chris Robinson,54,105,49,104,Adam Boyer,680,21160089,Comedy|Crime|Drama|Music|Romance,T.I.,ATLÂ ,8522,1538,Malika,0,high school|rollerskating rink|spelman college|twin|voice over narration,http://www.imdb.com/title/tt0466856/?ref_=fn_tt_tt_1,92,English,USA,PG-13,0,2006,503,6.000000,2.000000,874
Color,Paul W.S. Anderson,247,109,545,727,Colin Salmon,886,80281096,Action|Horror|Sci-Fi|Thriller,Sanaa Lathan,AVP: Alien vs. PredatorÂ ,143628,3222,Raoul Bova,0,alien|antarctica|predator|pyramid|satellite,http://www.imdb.com/title/tt0370263/?ref_=fn_tt_tt_1,1283,English,USA,PG-13,60000000,2004,766,5.000000,2.000000,0
Color,Christian Sesma,6,82,9,648,Brooke Newton,904,0,Thriller,Bokeem Woodbine,AWOL-72Â ,520,4092,Brett Wagner,4,police officer|police officer taken hostage,http://www.imdb.com/title/tt2048865/?ref_=fn_tt_tt_1,8,English,USA,R,3000000,2015,779,3.000000,0.000000,398
Color,John Laing,0,86,0,3,Peter Feeney,42,0,Drama,Siobhan Marshall,AbandonedÂ ,333,90,Rachel Nash,5,boat|one word title|sea|storm|survivor,http://www.imdb.com/title/tt4519006/?ref_=fn_tt_tt_1,6,English,New Zealand,,0,2015,40,6.000000,0.000000,213
Color,Stephen Gaghan,72,99,79,956,Zooey Deschanel,16000,10719367,Drama|Music|Mystery|Romance|Thriller,Charlie Hunnam,AbandonÂ ,7909,28987,Tony Goldwyn,3,college|detective|disappearance|police detective|thesis,http://www.imdb.com/title/tt0267248/?ref_=fn_tt_tt_1,157,English,USA,PG-13,25000000,2002,11000,4.000000,2.000000,261
Color,John Singleton,180,106,309,63,Benjamin J. Cain Jr.,327,28064226,Action|Mystery|Thriller,Ken Arnold,AbductionÂ ,65044,561,Richard Cetrone,1,assassin|high school|on the run|teenager|website,http://www.imdb.com/title/tt1600195/?ref_=fn_tt_tt_1,173,English,USA,PG-13,35000000,2011,73,5.000000,2.000000,13000
Color,Hans Petter Moland,28,106,19,0,Sara-Marie Maltha,844,64148,Drama,Charlotte Rampling,AberdeenÂ ,2601,846,Stellan SkarsgÃ¥rd,0,death|ferry|lawyer|norway|vomiting,http://www.imdb.com/title/tt0168446/?ref_=fn_tt_tt_1,35,English,UK,,6500000,2000,2,7.000000,1.000000,260
Color,Steve Pink,90,100,38,460,Regina Hall,833,48637684,Comedy|Romance,Joe Lo Truglio,About Last NightÂ ,16979,2800,Bryan Callen,4,bedroom|boyfriend girlfriend relationship|hug|interrupted sex|urban setting,http://www.imdb.com/title/tt1826590/?ref_=fn_tt_tt_1,42,English,USA,R,12500000,2014,807,6.000000,2.000000,0
Color,Alexander Payne,217,125,729,322,June Squibb,442,65010106,Comedy|Drama,Hope Davis,About SchmidtÂ ,107557,1556,Howard Hesseman,1,highway travel|on the road|retirement|road movie|wedding,http://www.imdb.com/title/tt0257360/?ref_=fn_tt_tt_1,612,English,USA,R,30000000,2002,344,7.000000,1.000000,0
Color,Richard Curtis,274,123,628,171,Tom Hollander,565,15294553,Drama|Fantasy|Romance,Tom Hughes,About TimeÂ ,202341,1595,Lindsay Duncan,1,boyfriend girlfriend relationship|lingerie slip|time travel|time travel romance|wedding,http://www.imdb.com/title/tt2194499/?ref_=fn_tt_tt_1,391,English,UK,R,12000000,2013,555,7.000000,2.000000,105000
Color,Chris Weitz,158,101,129,3,Christopher Webster,66,40566655,Comedy|Drama|Romance,Sharon Small,About a BoyÂ ,144021,74,Peter McNicholl,0,boy|friend|imaginary son|single father|single mother,http://www.imdb.com/title/tt0276751/?ref_=fn_tt_tt_1,391,English,UK,PG-13,30000000,2002,5,7.000000,2.000000,0
Color,Timur Bekmambetov,393,105,335,911,Dominic Cooper,3000,37516013,Action|Fantasy|Horror,Rufus Sewell,Abraham Lincoln: Vampire HunterÂ ,128629,8281,Benjamin Walker,0,chopping down a tree|hanging upside down|shopkeeper|vampire|vampire hunter,http://www.imdb.com/title/tt1611224/?ref_=fn_tt_tt_1,348,English,USA,R,69000000,2012,3000,5.000000,2.000000,98000
Color,Mike Flanagan,125,87,59,9,Courtney Bell,35,0,Drama|Horror|Mystery,Justin Gordon,AbsentiaÂ ,13065,97,Erin Cipolletti,0,anticipate|dead in absentia|foetus|tunnel|unreliable narration,http://www.imdb.com/title/tt1610996/?ref_=fn_tt_tt_1,136,English,USA,R,70000,2011,28,5.000000,1.000000,3000
Color,Clint Eastwood,76,121,16000,826,Mark Margolis,16000,50007168,Action|Crime|Drama|Thriller,Clint Eastwood,Absolute PowerÂ ,39529,19139,Scott Glenn,0,death|death of wife|murder|thief|violence,http://www.imdb.com/title/tt0118548/?ref_=fn_tt_tt_1,142,English,USA,R,50000000,1997,1000,6.000000,2.000000,1000
Color,David O. Russell,56,100,737,816,Kirstie Alley,15000,0,Comedy|Romance,Jake Gyllenhaal,Accidental LoveÂ ,5006,19068,Beverly D'Angelo,5,health insurance|long delayed release|nail in the head|waitress|washington d.c.,http://www.imdb.com/title/tt1137470/?ref_=fn_tt_tt_1,28,English,USA,PG-13,26000000,2015,980,4.000000,1.000000,0
Color,Tom Shadyac,61,78,293,567,Udo Kier,759,72217000,Comedy,Sean Young,Ace Ventura: Pet DetectiveÂ ,216486,2462,David Margulies,1,detective|dolphin|mascot|nudity|stupidity,http://www.imdb.com/title/tt0109040/?ref_=fn_tt_tt_1,242,English,USA,PG-13,12000000,1994,595,6.000000,1.000000,0
Color,Steve Oedekerk,59,90,176,460,Bob Gunton,531,108360000,Adventure|Comedy,Bruce Spence,Ace Ventura: When Nature CallsÂ ,160321,2203,Sophie Okonedo,0,africa|bat|hawaiian shirt|pregnancy|pregnant,http://www.imdb.com/title/tt0112281/?ref_=fn_tt_tt_1,178,English,USA,PG-13,30000000,1995,461,6.000000,2.000000,0
Color,Julie Taymor,156,133,278,107,T.V. Carpio,5000,24343673,Drama|Fantasy|Musical|Romance,Jim Sturgess,Across the UniverseÂ ,91863,5405,Robert Clohessy,0,anti war|liverpool|love|protest|song,http://www.imdb.com/title/tt0445922/?ref_=fn_tt_tt_1,524,English,USA,PG-13,45000000,2007,117,7.000000,2.000000,14000
Color,Julie Taymor,156,133,278,107,T.V. Carpio,5000,24343673,Drama|Fantasy|Musical|Romance,Jim Sturgess,Across the UniverseÂ ,91860,5405,Robert Clohessy,0,anti war|liverpool|love|protest|song,http://www.imdb.com/title/tt0445922/?ref_=fn_tt_tt_1,524,English,USA,PG-13,45000000,2007,117,7.000000,2.000000,14000
Color,Mike McCoy,216,110,16,11,Jason Cottle,93,70011073,Action|Adventure|Drama|Thriller|War,Alex Veadov,Act of ValorÂ ,57996,146,Rorke Denver,0,mission|navy seal|terrorist|torture|valor,http://www.imdb.com/title/tt1591479/?ref_=fn_tt_tt_1,349,English,USA,R,12000000,2012,17,6.000000,2.000000,15000
Color,Craig R. Baxley,35,96,22,794,Vanity,1000,20257000,Action|Comedy|Crime|Thriller,Bill Duke,Action JacksonÂ ,7569,5282,Carl Weathers,2,murder|power|psychotronic|tough cop|union,http://www.imdb.com/title/tt0094612/?ref_=fn_tt_tt_1,65,English,USA,R,7000000,1988,841,5.000000,1.000000,978
Color,Paul Schrader,75,106,261,520,Ayelet Zurer,30000,0,Drama|War,Veronica Ferres,Adam ResurrectedÂ ,3075,31325,Derek Jacobi,2,circus|dog|entertainer|holocaust|patient,http://www.imdb.com/title/tt0479341/?ref_=fn_tt_tt_1,31,English,Germany,R,10000000,2008,744,6.000000,2.000000,589
Color,Max Mayer,122,99,6,194,Terry Walters,828,2277396,Drama|Romance,Peter Gallagher,AdamÂ ,29239,1936,Amy Irving,0,apartment|asperger's syndrome|children|teacher|writer,http://www.imdb.com/title/tt1185836/?ref_=fn_tt_tt_1,70,English,USA,PG-13,0,2009,390,7.000000,2.000000,0
Color,Spike Jonze,241,81,0,836,Meryl Streep,12000,22245861,Comedy|Drama,Nicolas Cage,Adaptation.Â ,143251,25489,Roger Willie,0,book|orchid|screenwriter|thief|twin,http://www.imdb.com/title/tt0268126/?ref_=fn_tt_tt_1,710,English,USA,R,19000000,2002,11000,7.000000,1.000000,0
Color,Bille Woodruff,9,106,23,467,Cameron Mills,1000,17382982,Drama|Thriller,Boris Kodjoe,AddictedÂ ,5975,2840,Sharon Leal,0,adultery|attraction|lust|obsession|temptation,http://www.imdb.com/title/tt2205401/?ref_=fn_tt_tt_1,33,Spanish,USA,R,5000000,2014,694,5.000000,1.000000,0
Color,Paul Weitz,150,107,80,252,Sarita Choudhury,2000,18004225,Comedy|Drama|Romance,Tina Fey,AdmissionÂ ,28573,3004,Christopher Evan Welch,2,adoption|female protagonist|princeton university|wedding|working women,http://www.imdb.com/title/tt1814621/?ref_=fn_tt_tt_1,87,English,USA,PG-13,13000000,2013,257,5.000000,2.000000,5000
Color,Anne Fontaine,141,112,105,748,Naomi Watts,18000,317125,Drama|Romance,Robin Wright,AdoreÂ ,23334,25269,Ben Mendelsohn,0,beach|friend|friendship|happiness|neighbor,http://www.imdb.com/title/tt2103267/?ref_=fn_tt_tt_1,87,English,Australia,R,16000000,2013,6000,6.000000,2.000000,0
Color,H.M. Coakley,8,91,0,137,Steffinnie Phrommany,696,0,Crime|Drama|Thriller,Mehcad Brooks,AdulterersÂ ,514,1210,Danielle Savre,3,cheating husband|female nudity|male nudity|male rear nudity|revenge,http://www.imdb.com/title/tt4044464/?ref_=fn_tt_tt_1,1,English,USA,,750000,2015,320,4.000000,2.000000,158
Color,Greg Mottola,248,107,99,452,Martin Starr,17000,16025394,Comedy|Drama|Romance,Kristen Stewart,AdventurelandÂ ,131180,18983,Wendie Malick,6,amusement park|strong female character|summer job|teen movie|teenager,http://www.imdb.com/title/tt1091722/?ref_=fn_tt_tt_1,220,English,USA,R,0,2009,985,6.000000,1.000000,0
Color,M. Night Shyamalan,349,100,0,894,ZoÃ« Kravitz,10000,60522097,Action|Adventure|Sci-Fi,Will Smith,After EarthÂ ,158720,14168,Glenn Morshower,0,box office flop|father son team|fear|race against time|real life father and son playing father and son,http://www.imdb.com/title/tt1815862/?ref_=fn_tt_tt_1,744,English,USA,PG-13,130000000,2013,943,4.000000,2.000000,37000
Color,Brett Ratner,117,97,420,455,Don Cheadle,4000,28328132,Action|Comedy|Crime|Drama,Salma Hayek,After the SunsetÂ ,38298,9814,Chris Penn,2,diamond|fbi|fbi agent|island|thief,http://www.imdb.com/title/tt0367479/?ref_=fn_tt_tt_1,147,English,USA,PG-13,58000000,2004,3000,6.000000,2.000000,782
